"first_name";"last_name";"email";"password";"photo_url_1";"photo_url_2";"photo_url_3"
"Vincent";"P.";"vincent.lewagon@gmail.com";"123456";"https://img4.hostingpics.net/thumbs/mini_186998oldvincent.jpg";"";""
"Mathieu";"C.";"mathieu.lewagon@gmail.com";"123456";"https://img4.hostingpics.net/thumbs/mini_739619oldmathieu.jpg";"";""
"Charly";"B.";"charles.lewagon@gmail.com";"123456";"https://img4.hostingpics.net/thumbs/mini_746146oldcharles1.jpg";"";""
"Fiona";"P.";"fiona.lewagon@gmail.com";"123456";"https://img4.hostingpics.net/thumbs/mini_263086oldfiona.jpg";"";""
"Claire";"S.";"claire.lewagon@gmail.com";"123456";"https://img4.hostingpics.net/thumbs/mini_646878oldclaire.jpg";"";""
"Charles";"M.";"charles222.lewagon@gmail.com";"123456";"https://img4.hostingpics.net/thumbs/mini_495263oldcharles2.jpg";"";""
"Nikolay";"M.";"nikolay.lewagon@gmail.com";"123456";"https://img4.hostingpics.net/thumbs/mini_780032oldnikolay.jpg";"";""
"Robin";"B.";"robin.lewagon@gmail.com";"123456";"https://img4.hostingpics.net/thumbs/mini_169572oldrobin.jpg";"";""
"Clément";"P.";"clement.lewagon@gmail.com";"123456";"https://img4.hostingpics.net/thumbs/mini_395199oldclement.jpg";"";""
